{
    "leite": 1.6,
    "pão": 16.0,
    "queijo": 3.2,
    "macarrão": 5.0,
    "carne moída": 1.5,
    "tomate": 1.5,
    "cebola": 1.0999999999999999,
    "alho": 0.20000000000000007,
    "azeite": 0.5399999999999999,
    "ovos": 6.0,
    "peito de frango": 2.4,
    "batata": 1.2000000000000002
}