{
    "leite": 1.6,
    "pão": 16.0,
    "queijo": 2.0,
    "macarrão": 4.0,
    "carne moída": 1.2,
    "tomate": 1.2,
    "cebola": 1.4000000000000001,
    "alho": 0.6000000000000001,
    "azeite": 0.46000000000000013,
    "peito de frango": 3.3999999999999995,
    "batata": 0.8,
    "ovos": 3.0,
    "arroz": 0.09999999999999987
}